<?xml version="1.0" encoding="UTF-8"?>
<project-private xmlns="http://www.netbeans.org/ns/project-private/1">
    <editor-bookmarks xmlns="http://www.netbeans.org/ns/editor-bookmarks/2" lastBookmarkId="0"/>
    <open-files xmlns="http://www.netbeans.org/ns/projectui-open-files/2">
        <group>
            <file>file:/C:/Users/PIOTR/Desktop/hotel_robiony/hotel_ryspyrgielsztorc/src/hotel_ryspyrgielsztorc/MY_CONNECTION.java</file>
            <file>file:/C:/Users/PIOTR/Desktop/hotel_robiony/hotel_ryspyrgielsztorc/src/hotel_ryspyrgielsztorc/ManageReservationsForm.java</file>
            <file>file:/C:/Users/PIOTR/Desktop/hotel_robiony/hotel_ryspyrgielsztorc/src/hotel_ryspyrgielsztorc/ROOMS.java</file>
            <file>file:/C:/Users/PIOTR/Desktop/hotel_robiony/hotel_ryspyrgielsztorc/src/hotel_ryspyrgielsztorc/RESERVATION.java</file>
            <file>file:/C:/Users/PIOTR/Desktop/hotel_robiony/hotel_ryspyrgielsztorc/src/hotel_ryspyrgielsztorc/ManageRoomsForm.java</file>
            <file>file:/C:/Users/PIOTR/Desktop/hotel_robiony/hotel_ryspyrgielsztorc/src/hotel_ryspyrgielsztorc/LoginForm.java</file>
        </group>
    </open-files>
</project-private>
